,lat,long,enginestate,logtime
0,13.84723,100.60937,START,2019-11-05T00:22:49.573+07:00
1,13.84723,100.60937,START,2019-11-05T00:22:49.954+07:00
2,13.84723,100.60937,START,2019-11-05T00:23:10.273+07:00
3,13.84723,100.60937,START,2019-11-05T00:23:30+07:00
4,13.84723,100.60937,START,2019-11-05T00:24:52+07:00
5,13.84723,100.60937,START,2019-11-05T00:25:09+07:00
6,13.846420000000002,100.60956,START,2019-11-05T00:25:20+07:00
7,13.84725,100.60955,START,2019-11-05T00:59:50.779+07:00
8,13.84725,100.60955,START,2019-11-05T00:59:51.418+07:00
9,13.84725,100.60955,START,2019-11-05T01:00:12.75+07:00
10,13.84725,100.60955,START,2019-11-05T02:23:51.222+07:00
11,13.84725,100.60955,START,2019-11-05T02:23:51.642+07:00
12,13.84725,100.60955,START,2019-11-05T02:24:12.743+07:00
13,13.847270000000002,100.60933,START,2019-11-05T02:40:20.326+07:00
14,13.847270000000002,100.60933,START,2019-11-05T02:40:20.766+07:00
15,13.847270000000002,100.60933,START,2019-11-05T02:40:45.819+07:00
16,13.84741,100.60949,START,2019-11-05T03:18:20.589+07:00
17,13.84741,100.60949,START,2019-11-05T03:18:21.109+07:00
18,13.84741,100.60949,START,2019-11-05T03:18:43.163+07:00
19,13.84709,100.60945,START,2019-11-05T03:21:57+07:00
20,13.84686,100.60937,START,2019-11-05T03:22:13+07:00
21,13.84648,100.60922,START,2019-11-05T03:22:28+07:00
22,13.84625,100.60915,START,2019-11-05T03:22:43+07:00
23,13.84672,100.60929,START,2019-11-05T03:22:57+07:00
24,13.84672,100.60929,START,2019-11-05T03:25:56+07:00
25,13.84726,100.60944,START,2019-11-05T03:26:00+07:00
26,13.84726,100.60944,START,2019-11-05T03:32:15+07:00
27,13.84726,100.60944,STOP,2019-11-05T03:32:17.64+07:00
28,13.84726,100.60944,STOP,2019-11-05T03:32:18.1+07:00
29,13.84726,100.60944,STOP,2019-11-05T03:32:39.607+07:00
30,13.84726,100.60944,STOP,2019-11-05T04:21:51.93+07:00
31,13.84726,100.60944,STOP,2019-11-05T04:21:52.31+07:00
32,13.84726,100.60944,STOP,2019-11-05T04:22:13.73+07:00
33,13.84726,100.60944,STOP,2019-11-05T05:23:52.287+07:00
34,13.84726,100.60944,STOP,2019-11-05T05:23:52.727+07:00
35,13.84726,100.60944,STOP,2019-11-05T05:24:14.051+07:00
36,13.84716,100.60929,STOP,2019-11-05T07:07:52.894+07:00
37,13.84716,100.60929,STOP,2019-11-05T07:07:53.335+07:00
38,13.84716,100.60929,STOP,2019-11-05T07:08:14.71+07:00
39,13.847079999999998,100.60949,STOP,2019-11-05T07:40:33.06+07:00
40,13.847079999999998,100.60949,STOP,2019-11-05T07:40:33.66+07:00
41,13.847079999999998,100.60949,STOP,2019-11-05T07:40:54.54+07:00
42,13.84688,100.60956,STOP,2019-11-05T07:41:17+07:00
43,13.84698,100.6094,STOP,2019-11-05T07:41:29+07:00
44,13.84698,100.6094,STOP,2019-11-05T07:41:44+07:00
45,13.84731,100.60941,STOP,2019-11-05T07:48:39+07:00
46,13.84731,100.60941,START,2019-11-05T07:48:42.112+07:00
47,13.84731,100.60941,START,2019-11-05T07:48:42.551+07:00
48,13.84731,100.60941,START,2019-11-05T07:49:03.962+07:00
49,13.8475,100.60945,START,2019-11-05T07:49:09+07:00
50,13.84763,100.61017,START,2019-11-05T07:49:24+07:00
51,13.84752,100.61046,START,2019-11-05T07:49:31+07:00
52,13.84746,100.61046,START,2019-11-05T07:49:33+07:00
53,13.84733,100.61049,START,2019-11-05T07:49:37+07:00
54,13.84733,100.61049,START,2019-11-05T07:49:39+07:00
55,13.84733,100.61049,START,2019-11-05T07:49:40+07:00
56,13.84733,100.61049,START,2019-11-05T07:49:42+07:00
57,13.84733,100.61049,STOP,2019-11-05T07:49:45.105+07:00
58,13.84733,100.61049,STOP,2019-11-05T07:49:45.665+07:00
59,13.84733,100.61049,STOP,2019-11-05T07:50:07.25+07:00
60,13.84733,100.61049,STOP,2019-11-05T07:58:07+07:00
61,13.84733,100.61049,START,2019-11-05T07:58:10.164+07:00
62,13.84733,100.61049,START,2019-11-05T07:58:10.584+07:00
63,13.84733,100.61049,START,2019-11-05T07:58:32.27+07:00
64,13.8473,100.61037,START,2019-11-05T07:58:42+07:00
65,13.84754,100.60943,START,2019-11-05T07:58:57+07:00
66,13.847779999999998,100.6085,START,2019-11-05T07:59:12+07:00
67,13.848,100.60826,START,2019-11-05T07:59:18+07:00
68,13.84844,100.60793,START,2019-11-05T07:59:26+07:00
69,13.84862,100.60665,START,2019-11-05T07:59:41+07:00
70,13.84838,100.60588,START,2019-11-05T07:59:53+07:00
71,13.84806,100.60513,START,2019-11-05T08:00:08+07:00
72,13.847970000000002,100.60505,START,2019-11-05T08:00:12+07:00
73,13.84768,100.60496,START,2019-11-05T08:00:23+07:00
74,13.84758,100.60471,START,2019-11-05T08:00:29+07:00
75,13.84758,100.60471,START,2019-11-05T08:00:33+07:00
76,13.84761,100.60465,START,2019-11-05T08:00:41+07:00
77,13.84849,100.60421,START,2019-11-05T08:00:56+07:00
78,13.84869,100.60416,START,2019-11-05T08:01:00+07:00
79,13.84978,100.60482,START,2019-11-05T08:01:15+07:00
80,13.85101,100.60563,START,2019-11-05T08:01:30+07:00
81,13.851920000000002,100.60617,START,2019-11-05T08:01:45+07:00
82,13.85222,100.60636,START,2019-11-05T08:02:00+07:00
83,13.853229999999998,100.607,START,2019-11-05T08:02:15+07:00
84,13.85479,100.60801,START,2019-11-05T08:02:30+07:00
85,13.85599,100.60879,START,2019-11-05T08:02:45+07:00
86,13.85599,100.60879,START,2019-11-05T08:02:54+07:00
87,13.85627,100.60899,START,2019-11-05T08:03:09+07:00
88,13.85731,100.60966,START,2019-11-05T08:03:24+07:00
89,13.85844,100.61042,START,2019-11-05T08:03:39+07:00
90,13.85954,100.61114,START,2019-11-05T08:03:54+07:00
91,13.86089,100.612,START,2019-11-05T08:04:09+07:00
92,13.8621,100.61285,START,2019-11-05T08:04:24+07:00
93,13.86267,100.61327,START,2019-11-05T08:04:39+07:00
94,13.86331,100.61368,START,2019-11-05T08:04:54+07:00
95,13.86421,100.61434,START,2019-11-05T08:05:09+07:00
96,13.86446,100.6144,START,2019-11-05T08:05:15+07:00
97,13.86459,100.6143,START,2019-11-05T08:05:18+07:00
98,13.86537,100.61278,START,2019-11-05T08:05:33+07:00
99,13.86635,100.61089,START,2019-11-05T08:05:48+07:00
100,13.86719,100.60932,START,2019-11-05T08:06:03+07:00
101,13.86816,100.60761,START,2019-11-05T08:06:18+07:00
102,13.8693,100.60541,START,2019-11-05T08:06:33+07:00
103,13.87045,100.60322,START,2019-11-05T08:06:48+07:00
104,13.87177,100.60087,START,2019-11-05T08:07:03+07:00
105,13.87315,100.59852,START,2019-11-05T08:07:18+07:00
106,13.87485,100.59685,START,2019-11-05T08:07:33+07:00
107,13.87651,100.59545,START,2019-11-05T08:07:48+07:00
108,13.87766,100.59339,START,2019-11-05T08:08:03+07:00
109,13.87871,100.59147,START,2019-11-05T08:08:18+07:00
110,13.87957,100.58976,START,2019-11-05T08:08:33+07:00
111,13.88066,100.58787,START,2019-11-05T08:08:48+07:00
112,13.881670000000002,100.58606,START,2019-11-05T08:09:03+07:00
113,13.8828,100.58407,START,2019-11-05T08:09:18+07:00
114,13.88397,100.5821,START,2019-11-05T08:09:33+07:00
115,13.884,100.5816,START,2019-11-05T08:09:40+07:00
116,13.88383,100.5815,START,2019-11-05T08:09:42+07:00
117,13.88194,100.58048,START,2019-11-05T08:09:57+07:00
118,13.87989,100.57928,START,2019-11-05T08:10:12+07:00
119,13.877579999999998,100.57793,START,2019-11-05T08:10:27+07:00
120,13.875520000000002,100.57679,START,2019-11-05T08:10:42+07:00
121,13.8736,100.57582,START,2019-11-05T08:10:57+07:00
122,13.87174,100.57471,START,2019-11-05T08:11:12+07:00
123,13.86966,100.57363,START,2019-11-05T08:11:27+07:00
124,13.869000000000002,100.57303,START,2019-11-05T08:11:39+07:00
125,13.86934,100.57295,START,2019-11-05T08:11:44+07:00
126,13.8696,100.57318,START,2019-11-05T08:11:46+07:00
127,13.87155,100.57427,START,2019-11-05T08:12:01+07:00
128,13.873170000000002,100.57518,START,2019-11-05T08:12:16+07:00
129,13.87475,100.57611,START,2019-11-05T08:12:31+07:00
130,13.87659,100.57718,START,2019-11-05T08:12:46+07:00
131,13.87659,100.57718,START,2019-11-05T08:12:48+07:00
132,13.87839,100.57829,START,2019-11-05T08:12:59+07:00
133,13.88015,100.57925,START,2019-11-05T08:13:14+07:00
134,13.88191,100.58022,START,2019-11-05T08:13:29+07:00
135,13.88318,100.58099,START,2019-11-05T08:13:44+07:00
136,13.884429999999998,100.5818,START,2019-11-05T08:13:59+07:00
137,13.88581,100.58261,START,2019-11-05T08:14:14+07:00
138,13.88581,100.58261,START,2019-11-05T08:14:27+07:00
139,13.88916,100.58428,START,2019-11-05T08:14:40+07:00
140,13.88916,100.58428,START,2019-11-05T08:14:45+07:00
141,13.89109,100.58531,START,2019-11-05T08:14:51+07:00
142,13.893770000000002,100.58693,START,2019-11-05T08:15:06+07:00
143,13.89693,100.58868,START,2019-11-05T08:15:21+07:00
144,13.90001,100.59031,START,2019-11-05T08:15:36+07:00
145,13.90315,100.59193,START,2019-11-05T08:15:51+07:00
146,13.905729999999998,100.59336,START,2019-11-05T08:16:06+07:00
147,13.9087,100.59507,START,2019-11-05T08:16:21+07:00
148,13.9116,100.59672,START,2019-11-05T08:16:36+07:00
149,13.91425,100.59814,START,2019-11-05T08:16:51+07:00
150,13.9164,100.59937,START,2019-11-05T08:17:06+07:00
151,13.91859,100.6007,START,2019-11-05T08:17:21+07:00
152,13.92088,100.60204,START,2019-11-05T08:17:36+07:00
153,13.92368,100.60349,START,2019-11-05T08:17:51+07:00
154,13.92733,100.60554,START,2019-11-05T08:18:06+07:00
155,13.930270000000002,100.60743,START,2019-11-05T08:18:21+07:00
156,13.93338,100.60909,START,2019-11-05T08:18:36+07:00
157,13.93677,100.6109,START,2019-11-05T08:18:51+07:00
158,13.93997,100.6126,START,2019-11-05T08:19:06+07:00
159,13.94335,100.61439,START,2019-11-05T08:19:21+07:00
160,13.94335,100.61439,START,2019-11-05T08:19:21+07:00
161,13.94433,100.61514,START,2019-11-05T08:19:28+07:00
162,13.94728,100.61677,START,2019-11-05T08:19:43+07:00
163,13.950220000000002,100.61835,START,2019-11-05T08:19:58+07:00
164,13.95279,100.6198,START,2019-11-05T08:20:13+07:00
165,13.95562,100.62086,START,2019-11-05T08:20:28+07:00
166,13.9591,100.62072,START,2019-11-05T08:20:43+07:00
167,13.9622,100.62007,START,2019-11-05T08:20:58+07:00
168,13.96507,100.61944,START,2019-11-05T08:21:13+07:00
169,13.96789,100.61892,START,2019-11-05T08:21:28+07:00
170,13.97086,100.61849,START,2019-11-05T08:21:43+07:00
171,13.97426,100.61793,START,2019-11-05T08:21:58+07:00
172,13.97755,100.61744,START,2019-11-05T08:22:13+07:00
173,13.98134,100.61679,START,2019-11-05T08:22:28+07:00
174,13.98134,100.61679,START,2019-11-05T08:22:39+07:00
175,13.985779999999998,100.61617,START,2019-11-05T08:22:45+07:00
176,13.985779999999998,100.61617,START,2019-11-05T08:22:54+07:00
177,13.99105,100.61566,START,2019-11-05T08:23:03+07:00
178,13.99105,100.61566,START,2019-11-05T08:23:04+07:00
179,13.99476,100.61538,START,2019-11-05T08:23:17+07:00
180,13.99669,100.61486,START,2019-11-05T08:23:32+07:00
181,13.99646,100.61494,START,2019-11-05T08:23:37+07:00
182,13.99622,100.61491,START,2019-11-05T08:23:45+07:00
183,13.99619,100.61485,START,2019-11-05T08:23:53+07:00
184,13.99736,100.61484,START,2019-11-05T08:24:08+07:00
185,13.99736,100.61484,START,2019-11-05T08:24:09+07:00
186,13.99826,100.61485,START,2019-11-05T08:24:16+07:00
187,13.99826,100.61485,START,2019-11-05T08:24:23+07:00
188,14.00013,100.61474,START,2019-11-05T08:24:43+07:00
189,14.00044,100.61478,START,2019-11-05T08:24:58+07:00
190,14.0011,100.61487,START,2019-11-05T08:25:13+07:00
191,14.00195,100.61494,START,2019-11-05T08:25:28+07:00
192,14.00275,100.61496,START,2019-11-05T08:25:43+07:00
193,14.00348,100.61485,START,2019-11-05T08:25:58+07:00
194,14.00461,100.61498,START,2019-11-05T08:26:13+07:00
195,14.00576,100.61513,START,2019-11-05T08:26:28+07:00
196,14.00693,100.61511,START,2019-11-05T08:26:43+07:00
197,14.00772,100.61511,START,2019-11-05T08:26:58+07:00
198,14.00905,100.61505,START,2019-11-05T08:27:13+07:00
199,14.01016,100.61512,START,2019-11-05T08:27:28+07:00
200,14.01149,100.61521,START,2019-11-05T08:27:43+07:00
201,14.01288,100.61525,START,2019-11-05T08:27:58+07:00
202,14.01472,100.6153,START,2019-11-05T08:28:13+07:00
203,14.01689,100.61537,START,2019-11-05T08:28:28+07:00
204,14.01902,100.61543,START,2019-11-05T08:28:43+07:00
205,14.02108,100.61552,START,2019-11-05T08:28:58+07:00
206,14.02348,100.61565,START,2019-11-05T08:29:13+07:00
207,14.02602,100.61575,START,2019-11-05T08:29:28+07:00
208,14.02899,100.61583,START,2019-11-05T08:29:43+07:00
209,14.0317,100.61595,START,2019-11-05T08:29:58+07:00
210,14.0342,100.61606,START,2019-11-05T08:30:13+07:00
211,14.0367,100.61616,START,2019-11-05T08:30:28+07:00
212,14.03938,100.61631,START,2019-11-05T08:30:43+07:00
213,14.04206,100.61637,START,2019-11-05T08:30:58+07:00
214,14.04517,100.61655,START,2019-11-05T08:31:13+07:00
215,14.04851,100.61666,START,2019-11-05T08:31:28+07:00
216,14.05118,100.61678,START,2019-11-05T08:31:43+07:00
217,14.05353,100.61686,START,2019-11-05T08:31:58+07:00
218,14.05562,100.6169,START,2019-11-05T08:32:13+07:00
219,14.05763,100.61693,START,2019-11-05T08:32:28+07:00
220,14.05998,100.61707,START,2019-11-05T08:32:43+07:00
221,14.06238,100.61713,START,2019-11-05T08:32:58+07:00
222,14.06491,100.61725,START,2019-11-05T08:33:13+07:00
223,14.06726,100.61724,START,2019-11-05T08:33:28+07:00
224,14.06825,100.61723,START,2019-11-05T08:33:43+07:00
225,14.06936,100.61732,START,2019-11-05T08:33:58+07:00
226,14.0703,100.61729,START,2019-11-05T08:34:12+07:00
227,14.07031,100.61723,START,2019-11-05T08:34:13+07:00
228,14.07028,100.61649,START,2019-11-05T08:34:28+07:00
229,14.07028,100.61595,START,2019-11-05T08:34:43+07:00
230,14.07026,100.61471,START,2019-11-05T08:34:58+07:00
231,14.07026,100.61377,START,2019-11-05T08:35:13+07:00
232,14.07028,100.61183,START,2019-11-05T08:35:28+07:00
233,14.0703,100.6101,START,2019-11-05T08:35:43+07:00
234,14.07031,100.60999,START,2019-11-05T08:35:45+07:00
235,14.07035,100.60999,START,2019-11-05T08:35:47+07:00
236,14.07111,100.61003,START,2019-11-05T08:36:02+07:00
237,14.07169,100.61007,START,2019-11-05T08:36:12+07:00
238,14.07195,100.61006,START,2019-11-05T08:36:57+07:00
239,14.07259,100.61012,START,2019-11-05T08:37:12+07:00
240,14.073429999999998,100.61019,START,2019-11-05T08:37:27+07:00
241,14.07467,100.61025,START,2019-11-05T08:37:42+07:00
242,14.07489,100.61017,START,2019-11-05T08:37:48+07:00
243,14.07488,100.61005,START,2019-11-05T08:37:50+07:00
244,14.07486,100.60911,START,2019-11-05T08:38:05+07:00
245,14.07485,100.60781,START,2019-11-05T08:38:20+07:00
246,14.07486,100.60666,START,2019-11-05T08:38:35+07:00
247,14.07483,100.60514,START,2019-11-05T08:38:50+07:00
248,14.07483,100.60383,START,2019-11-05T08:39:05+07:00
249,14.07478,100.6032,START,2019-11-05T08:39:16+07:00
250,14.07473,100.60318,START,2019-11-05T08:39:17+07:00
251,14.07376,100.60306,START,2019-11-05T08:39:30+07:00
252,14.07371,100.60285,START,2019-11-05T08:39:33+07:00
253,14.073670000000002,100.60217,START,2019-11-05T08:39:48+07:00
254,14.073670000000002,100.60209,START,2019-11-05T08:39:51+07:00
255,14.073579999999998,100.60208,START,2019-11-05T08:39:54+07:00
256,14.07316,100.60216,START,2019-11-05T08:40:04+07:00
257,14.07314,100.60221,START,2019-11-05T08:40:06+07:00
258,14.07314,100.60221,START,2019-11-05T08:40:09+07:00
259,14.07317,100.6023,START,2019-11-05T08:40:15+07:00
260,14.073570000000002,100.60231,START,2019-11-05T08:40:24+07:00
261,14.073570000000002,100.60231,START,2019-11-05T08:40:41+07:00
262,14.073570000000002,100.60231,STOP,2019-11-05T08:40:44.445+07:00
263,14.073570000000002,100.60231,STOP,2019-11-05T08:40:45.005+07:00
264,14.073570000000002,100.60231,STOP,2019-11-05T08:41:06.86+07:00
265,14.073570000000002,100.60231,STOP,2019-11-05T09:30:33.728+07:00
266,14.073570000000002,100.60231,STOP,2019-11-05T09:30:34.148+07:00
267,14.073570000000002,100.60231,STOP,2019-11-05T09:30:55.545+07:00
268,14.07336,100.60273,STOP,2019-11-05T10:02:34.903+07:00
269,14.07336,100.60273,STOP,2019-11-05T10:02:35.363+07:00
270,14.07336,100.60273,STOP,2019-11-05T10:02:56.818+07:00
271,14.073579999999998,100.60229,STOP,2019-11-05T10:03:11+07:00
272,14.073579999999998,100.60229,STOP,2019-11-05T10:03:54+07:00
273,14.073579999999998,100.60229,STOP,2019-11-05T10:07:28+07:00
274,14.07333,100.60264,STOP,2019-11-05T10:07:52+07:00
275,14.07333,100.60264,STOP,2019-11-05T10:07:57+07:00
276,14.07327,100.60249,STOP,2019-11-05T10:08:09+07:00
277,14.07327,100.60249,STOP,2019-11-05T10:09:35+07:00
278,14.07366,100.60241,STOP,2019-11-05T10:09:38+07:00
279,14.07366,100.60241,STOP,2019-11-05T10:10:44+07:00
280,14.07366,100.60241,STOP,2019-11-05T10:11:00+07:00
281,14.07356,100.60225,STOP,2019-11-05T10:11:12+07:00
282,14.07356,100.60225,STOP,2019-11-05T10:11:15+07:00
283,14.07356,100.60228,STOP,2019-11-05T10:11:22+07:00
284,14.07356,100.60228,STOP,2019-11-05T10:57:04.19+07:00
285,14.07356,100.60228,STOP,2019-11-05T10:57:05.07+07:00
286,14.07356,100.60228,STOP,2019-11-05T10:57:26.612+07:00
287,14.07398,100.60171,STOP,2019-11-05T10:58:20+07:00
288,14.07398,100.60171,STOP,2019-11-05T10:58:46+07:00
289,14.0737,100.60202,STOP,2019-11-05T10:58:52+07:00
290,14.0737,100.60202,STOP,2019-11-05T10:58:54+07:00
291,14.0737,100.60202,STOP,2019-11-05T10:59:03+07:00
292,14.0736,100.60239,STOP,2019-11-05T10:59:21+07:00
293,14.0736,100.60239,STOP,2019-11-05T10:59:24+07:00
294,14.0736,100.60223,STOP,2019-11-05T11:00:57+07:00
295,14.0736,100.60223,STOP,2019-11-05T11:20:34.318+07:00
296,14.0736,100.60223,STOP,2019-11-05T11:20:35.058+07:00
297,14.0736,100.60223,STOP,2019-11-05T11:20:55.549+07:00
298,14.07363,100.60258,STOP,2019-11-05T11:20:57+07:00
299,14.07363,100.60258,STOP,2019-11-05T11:20:59+07:00
300,14.07363,100.60258,STOP,2019-11-05T11:21:03+07:00
301,14.07369,100.602,STOP,2019-11-05T11:21:13+07:00
302,14.07369,100.602,STOP,2019-11-05T11:21:43+07:00
303,14.07369,100.602,STOP,2019-11-05T11:22:01+07:00
304,14.07369,100.602,STOP,2019-11-05T11:22:25+07:00
305,14.0737,100.60004,STOP,2019-11-05T11:23:41+07:00
306,14.0737,100.60004,STOP,2019-11-05T11:23:42+07:00
307,14.0737,100.60004,STOP,2019-11-05T11:25:16+07:00
308,14.07369,100.60209,STOP,2019-11-05T11:25:35+07:00
309,14.07369,100.60209,STOP,2019-11-05T11:26:38+07:00
310,14.07365,100.60253,STOP,2019-11-05T11:27:00+07:00
311,14.07365,100.60253,STOP,2019-11-05T11:27:31+07:00
312,14.073620000000002,100.60247,STOP,2019-11-05T11:27:57+07:00
313,14.073620000000002,100.60247,STOP,2019-11-05T11:28:11+07:00
314,14.073620000000002,100.60244,STOP,2019-11-05T11:28:14+07:00
315,14.073620000000002,100.60244,STOP,2019-11-05T11:28:29+07:00
316,14.073620000000002,100.60244,STOP,2019-11-05T11:28:52+07:00
317,14.07354,100.60212,STOP,2019-11-05T11:28:56+07:00
318,14.07354,100.60212,STOP,2019-11-05T11:28:57+07:00
319,14.07356,100.60212,STOP,2019-11-05T11:29:11+07:00
320,14.07356,100.60212,STOP,2019-11-05T11:29:12+07:00
321,14.07351,100.60205,STOP,2019-11-05T11:29:28+07:00
322,14.07351,100.60205,STOP,2019-11-05T11:29:29+07:00
323,14.07351,100.60205,STOP,2019-11-05T11:29:36+07:00
324,14.07337,100.60195,STOP,2019-11-05T11:29:49+07:00
325,14.07337,100.60195,STOP,2019-11-05T11:29:56+07:00
326,14.07317,100.60185,STOP,2019-11-05T11:30:16+07:00
327,14.07317,100.60185,STOP,2019-11-05T11:30:23+07:00
328,14.07317,100.60185,STOP,2019-11-05T11:42:34.57+07:00
329,14.07317,100.60185,STOP,2019-11-05T11:42:35.03+07:00
330,14.07317,100.60185,STOP,2019-11-05T11:42:56.845+07:00
331,14.07317,100.60185,STOP,2019-11-05T11:43:48+07:00
332,14.07346,100.6023,STOP,2019-11-05T11:43:53+07:00
333,14.07346,100.6023,STOP,2019-11-05T11:43:55+07:00
334,14.0735,100.6022,STOP,2019-11-05T11:44:23+07:00
335,14.0735,100.6022,STOP,2019-11-05T11:46:36+07:00
336,14.0735,100.6022,STOP,2019-11-05T11:46:42+07:00
337,14.073570000000002,100.60218,STOP,2019-11-05T11:47:16+07:00
338,14.073570000000002,100.60218,STOP,2019-11-05T11:47:19+07:00
339,14.07359,100.60217,STOP,2019-11-05T11:47:28+07:00
340,14.07359,100.60217,STOP,2019-11-05T11:47:46+07:00
341,14.07359,100.60219,STOP,2019-11-05T11:47:51+07:00
342,14.07359,100.60219,STOP,2019-11-05T11:47:52+07:00
343,14.07359,100.60219,STOP,2019-11-05T11:47:59+07:00
344,14.07359,100.60219,STOP,2019-11-05T11:48:05+07:00
345,14.07359,100.60219,STOP,2019-11-05T11:48:08+07:00
346,14.07345,100.60207,STOP,2019-11-05T11:48:12+07:00
347,14.07345,100.60207,STOP,2019-11-05T11:48:12+07:00
348,14.07345,100.60207,STOP,2019-11-05T11:48:20+07:00
349,14.073429999999998,100.60201,STOP,2019-11-05T11:48:25+07:00
350,14.073429999999998,100.60201,STOP,2019-11-05T11:48:26+07:00
351,14.073429999999998,100.60201,STOP,2019-11-05T11:50:44+07:00
352,14.073429999999998,100.60201,STOP,2019-11-05T11:51:06+07:00
353,14.073429999999998,100.60201,STOP,2019-11-05T11:51:38+07:00
354,14.073429999999998,100.60201,STOP,2019-11-05T11:53:05.654+07:00
355,14.073429999999998,100.60201,STOP,2019-11-05T11:53:06.234+07:00
356,14.073429999999998,100.60201,STOP,2019-11-05T11:53:27.879+07:00
357,14.073429999999998,100.60201,STOP,2019-11-05T12:00:35.697+07:00
358,14.073429999999998,100.60201,STOP,2019-11-05T12:00:36.137+07:00
359,14.073429999999998,100.60201,STOP,2019-11-05T12:00:57.859+07:00
360,14.073429999999998,100.60201,STOP,2019-11-05T12:02:07+07:00
361,14.0736,100.60214,STOP,2019-11-05T12:03:06+07:00
362,14.0736,100.60214,STOP,2019-11-05T12:03:12+07:00
363,14.07355,100.60207,STOP,2019-11-05T12:03:48+07:00
364,14.07355,100.60207,STOP,2019-11-05T12:05:45+07:00
365,14.07355,100.60207,STOP,2019-11-05T12:09:58+07:00
366,14.07371,100.6025,STOP,2019-11-05T12:10:25+07:00
367,14.07371,100.6025,STOP,2019-11-05T12:12:08+07:00
368,14.07361,100.60223,STOP,2019-11-05T12:12:42+07:00
369,14.07361,100.60223,STOP,2019-11-05T12:13:19+07:00
370,14.07354,100.60229,STOP,2019-11-05T12:13:26+07:00
371,14.07354,100.60229,STOP,2019-11-05T12:14:02+07:00
372,14.07356,100.60197,STOP,2019-11-05T12:14:36+07:00
373,14.07356,100.60197,STOP,2019-11-05T12:18:30+07:00
374,14.07365,100.60227,STOP,2019-11-05T12:21:14+07:00
375,14.07365,100.60227,STOP,2019-11-05T12:24:07+07:00
376,14.07316,100.60186,STOP,2019-11-05T12:24:35+07:00
377,14.07316,100.60186,STOP,2019-11-05T12:24:51+07:00
378,14.07319,100.60168,STOP,2019-11-05T12:26:18+07:00
379,14.07319,100.60168,STOP,2019-11-05T12:26:53+07:00
380,14.07322,100.60192,STOP,2019-11-05T12:27:14+07:00
381,14.07322,100.60192,STOP,2019-11-05T12:29:05+07:00
382,14.073570000000002,100.60219,STOP,2019-11-05T12:29:36+07:00
383,14.073570000000002,100.60219,STOP,2019-11-05T12:31:21+07:00
384,14.073570000000002,100.60219,STOP,2019-11-05T12:31:26+07:00
385,14.073570000000002,100.60219,STOP,2019-11-05T12:31:34+07:00
386,14.073570000000002,100.60219,STOP,2019-11-05T12:31:39+07:00
387,14.073570000000002,100.60219,STOP,2019-11-05T12:31:41+07:00
388,14.073570000000002,100.60219,STOP,2019-11-05T12:31:43+07:00
389,14.073570000000002,100.60219,STOP,2019-11-05T12:31:54+07:00
390,14.073570000000002,100.60219,STOP,2019-11-05T12:31:58+07:00
391,14.073570000000002,100.60219,STOP,2019-11-05T12:32:01+07:00
392,14.073570000000002,100.60219,STOP,2019-11-05T12:32:15+07:00
393,14.073570000000002,100.60219,STOP,2019-11-05T12:32:18+07:00
394,14.073570000000002,100.60219,STOP,2019-11-05T12:32:24+07:00
395,14.073570000000002,100.60219,STOP,2019-11-05T12:32:28+07:00
396,14.073479999999998,100.60231,STOP,2019-11-05T12:32:38+07:00
397,14.073479999999998,100.60231,STOP,2019-11-05T12:33:38+07:00
398,14.073479999999998,100.60231,START,2019-11-05T12:33:40.896+07:00
399,14.073479999999998,100.60231,START,2019-11-05T12:33:41.935+07:00
400,14.073479999999998,100.60231,START,2019-11-05T12:34:03.81+07:00
401,14.073720000000002,100.60199,START,2019-11-05T12:34:12+07:00
402,14.07359,100.60165,START,2019-11-05T12:34:22+07:00
403,14.073520000000002,100.60163,START,2019-11-05T12:34:24+07:00
404,14.07286,100.60162,START,2019-11-05T12:34:39+07:00
405,14.07239,100.60172,START,2019-11-05T12:34:54+07:00
406,14.07168,100.60166,START,2019-11-05T12:35:10+07:00
407,14.07088,100.60171,START,2019-11-05T12:35:25+07:00
408,14.07035,100.6017,START,2019-11-05T12:35:40+07:00
409,14.06999,100.60172,START,2019-11-05T12:35:55+07:00
410,14.06954,100.6017,START,2019-11-05T12:36:10+07:00
411,14.06899,100.60174,START,2019-11-05T12:36:25+07:00
412,14.06816,100.60183,START,2019-11-05T12:36:40+07:00
413,14.067429999999998,100.60193,START,2019-11-05T12:36:55+07:00
414,14.067379999999998,100.60211,START,2019-11-05T12:36:59+07:00
415,14.06731,100.60299,START,2019-11-05T12:37:14+07:00
416,14.06725,100.60379,START,2019-11-05T12:37:29+07:00
417,14.06721,100.6047,START,2019-11-05T12:37:44+07:00
418,14.06708,100.60539,START,2019-11-05T12:37:59+07:00
419,14.06704,100.60554,START,2019-11-05T12:38:07+07:00
420,14.066120000000002,100.60556,START,2019-11-05T12:38:22+07:00
421,14.06565,100.60558,START,2019-11-05T12:38:37+07:00
422,14.0655,100.60565,START,2019-11-05T12:38:43+07:00
423,14.06545,100.60581,START,2019-11-05T12:38:51+07:00
424,14.06545,100.60581,START,2019-11-05T12:39:03+07:00
425,14.06545,100.60646,START,2019-11-05T12:39:10+07:00
426,14.06545,100.60646,START,2019-11-05T12:39:20+07:00
427,14.06621,100.60843,START,2019-11-05T12:39:29+07:00
428,14.06519,100.61095,START,2019-11-05T12:39:44+07:00
429,14.06511,100.61363,START,2019-11-05T12:39:59+07:00
430,14.06472,100.61556,START,2019-11-05T12:40:10+07:00
431,14.06352,100.61787,START,2019-11-05T12:40:25+07:00
432,14.063529999999998,100.62045,START,2019-11-05T12:40:40+07:00
433,14.06413,100.62144,START,2019-11-05T12:40:51+07:00
434,14.064420000000002,100.62156,START,2019-11-05T12:40:56+07:00
435,14.06475,100.62107,START,2019-11-05T12:41:07+07:00
436,14.06463,100.61986,START,2019-11-05T12:41:22+07:00
437,14.06455,100.61852,START,2019-11-05T12:41:36+07:00
438,14.06444,100.61847,START,2019-11-05T12:41:39+07:00
439,14.06444,100.61847,START,2019-11-05T12:41:41+07:00
440,14.0643,100.6184,START,2019-11-05T12:41:44+07:00
441,14.06243,100.61832,START,2019-11-05T12:41:59+07:00
442,14.06033,100.6182,START,2019-11-05T12:42:14+07:00
443,14.05852,100.61817,START,2019-11-05T12:42:29+07:00
444,14.05672,100.61814,START,2019-11-05T12:42:44+07:00
445,14.05459,100.61798,START,2019-11-05T12:42:59+07:00
446,14.05201,100.61702,START,2019-11-05T12:43:14+07:00
447,14.04941,100.61701,START,2019-11-05T12:43:29+07:00
448,14.0468,100.61689,START,2019-11-05T12:43:44+07:00
449,14.04503,100.61682,START,2019-11-05T12:43:59+07:00
450,14.042879999999998,100.61676,START,2019-11-05T12:44:14+07:00
451,14.04025,100.61649,START,2019-11-05T12:44:29+07:00
452,14.0377,100.61627,START,2019-11-05T12:44:44+07:00
453,14.03527,100.61619,START,2019-11-05T12:44:59+07:00
454,14.0325,100.61601,START,2019-11-05T12:45:14+07:00
455,14.02941,100.61589,START,2019-11-05T12:45:29+07:00
456,14.02665,100.61573,START,2019-11-05T12:45:44+07:00
457,14.02392,100.6157,START,2019-11-05T12:45:59+07:00
458,14.02255,100.61571,START,2019-11-05T12:46:14+07:00
459,14.02109,100.61567,START,2019-11-05T12:46:29+07:00
460,14.01923,100.61558,START,2019-11-05T12:46:44+07:00
461,14.01697,100.6154,START,2019-11-05T12:46:59+07:00
462,14.01469,100.61537,START,2019-11-05T12:47:14+07:00
463,14.01238,100.61538,START,2019-11-05T12:47:29+07:00
464,14.009720000000002,100.61532,START,2019-11-05T12:47:44+07:00
465,14.00701,100.61515,START,2019-11-05T12:47:59+07:00
466,14.00415,100.61511,START,2019-11-05T12:48:14+07:00
467,14.00046,100.61491,START,2019-11-05T12:48:29+07:00
468,13.99601,100.61481,START,2019-11-05T12:48:44+07:00
469,13.9914,100.61502,START,2019-11-05T12:48:59+07:00
470,13.98702,100.61581,START,2019-11-05T12:49:14+07:00
471,13.98266,100.6166,START,2019-11-05T12:49:29+07:00
472,13.978270000000002,100.61732,START,2019-11-05T12:49:44+07:00
473,13.97397,100.61804,START,2019-11-05T12:49:59+07:00
474,13.96968,100.6188,START,2019-11-05T12:50:14+07:00
475,13.96541,100.61978,START,2019-11-05T12:50:29+07:00
476,13.96123,100.62035,START,2019-11-05T12:50:44+07:00
477,13.957020000000002,100.621,START,2019-11-05T12:50:59+07:00
478,13.95277,100.61998,START,2019-11-05T12:51:14+07:00
479,13.94988,100.61851,START,2019-11-05T12:51:29+07:00
480,13.94764,100.61743,START,2019-11-05T12:51:44+07:00
481,13.946229999999998,100.61645,START,2019-11-05T12:51:59+07:00
482,13.94512,100.61587,START,2019-11-05T12:52:14+07:00
483,13.94429,100.61539,START,2019-11-05T12:52:29+07:00
484,13.94298,100.6148,START,2019-11-05T12:52:45+07:00
485,13.94164,100.61397,START,2019-11-05T12:53:00+07:00
486,13.94023,100.61318,START,2019-11-05T12:53:15+07:00
487,13.93864,100.61258,START,2019-11-05T12:53:30+07:00
488,13.93728,100.61198,START,2019-11-05T12:53:45+07:00
489,13.93568,100.61101,START,2019-11-05T12:54:00+07:00
490,13.93374,100.60974,START,2019-11-05T12:54:15+07:00
491,13.93154,100.60875,START,2019-11-05T12:54:30+07:00
492,13.93,100.60761,START,2019-11-05T12:54:45+07:00
493,13.93,100.60761,START,2019-11-05T12:54:52+07:00
494,13.92671,100.6051,START,2019-11-05T12:55:15+07:00
495,13.925820000000002,100.60472,START,2019-11-05T12:55:30+07:00
496,13.92513,100.60406,START,2019-11-05T12:55:45+07:00
497,13.92445,100.60351,START,2019-11-05T12:56:00+07:00
498,13.923379999999998,100.60285,START,2019-11-05T12:56:15+07:00
499,13.923379999999998,100.60285,START,2019-11-05T12:56:15+07:00
500,13.92289,100.60267,START,2019-11-05T12:56:20+07:00
501,13.92289,100.60267,START,2019-11-05T12:56:25+07:00
502,13.92289,100.60267,START,2019-11-05T12:56:59+07:00
503,13.91552,100.59934,START,2019-11-05T12:57:20+07:00
504,13.91552,100.59934,START,2019-11-05T12:57:26+07:00
505,13.91552,100.59934,START,2019-11-05T12:57:47+07:00
506,13.91552,100.59934,START,2019-11-05T12:58:12+07:00
507,13.91552,100.59934,START,2019-11-05T12:58:18+07:00
508,13.903720000000002,100.59286,START,2019-11-05T12:58:46+07:00
509,13.90103,100.5913,START,2019-11-05T12:59:01+07:00
510,13.90103,100.5913,START,2019-11-05T12:59:15+07:00
511,13.89784,100.58958,START,2019-11-05T12:59:19+07:00
512,13.89784,100.58958,START,2019-11-05T12:59:22+07:00
513,13.89629,100.58864,START,2019-11-05T12:59:29+07:00
514,13.89629,100.58864,START,2019-11-05T12:59:31+07:00
515,13.89629,100.58864,START,2019-11-05T12:59:37+07:00
516,13.873079999999998,100.57528,START,2019-11-05T13:02:13+07:00
517,13.870220000000002,100.57381,START,2019-11-05T13:02:28+07:00
518,13.86775,100.57248,START,2019-11-05T13:02:43+07:00
519,13.86564,100.57134,START,2019-11-05T13:02:58+07:00
520,13.86316,100.57,START,2019-11-05T13:03:13+07:00
521,13.86072,100.56872,START,2019-11-05T13:03:28+07:00
522,13.858460000000001,100.56751,START,2019-11-05T13:03:43+07:00
523,13.856420000000002,100.56638,START,2019-11-05T13:03:58+07:00
524,13.85433,100.56523,START,2019-11-05T13:04:13+07:00
525,13.85219,100.5641,START,2019-11-05T13:04:28+07:00
526,13.85016,100.56305,START,2019-11-05T13:04:43+07:00
527,13.84848,100.56219,START,2019-11-05T13:04:58+07:00
528,13.84765,100.5619,START,2019-11-05T13:05:09+07:00
529,13.84749,100.56204,START,2019-11-05T13:05:13+07:00
530,13.84673,100.5634,START,2019-11-05T13:05:28+07:00
531,13.84545,100.5654,START,2019-11-05T13:05:43+07:00
532,13.84401,100.56794,START,2019-11-05T13:05:58+07:00
533,13.84271,100.57035,START,2019-11-05T13:06:13+07:00
534,13.84162,100.57223,START,2019-11-05T13:06:28+07:00
535,13.84059,100.57391,START,2019-11-05T13:06:43+07:00
536,13.84031,100.57427,START,2019-11-05T13:06:58+07:00
537,13.84006,100.57492,START,2019-11-05T13:07:13+07:00
538,13.83985,100.57528,START,2019-11-05T13:07:27+07:00
539,13.83979,100.57528,START,2019-11-05T13:07:29+07:00
540,13.83974,100.57522,START,2019-11-05T13:07:32+07:00
541,13.83977,100.57516,START,2019-11-05T13:07:34+07:00
542,13.84029,100.57425,START,2019-11-05T13:07:49+07:00
543,13.8407,100.57347,START,2019-11-05T13:08:04+07:00
544,13.84129,100.57236,START,2019-11-05T13:08:19+07:00
545,13.84145,100.57193,START,2019-11-05T13:08:28+07:00
546,13.84141,100.57189,START,2019-11-05T13:08:30+07:00
547,13.84105,100.57166,START,2019-11-05T13:08:45+07:00
548,13.84083,100.57163,START,2019-11-05T13:09:00+07:00
549,13.840329999999998,100.57175,START,2019-11-05T13:09:15+07:00
550,13.840329999999998,100.57175,START,2019-11-05T13:09:15+07:00
551,13.840329999999998,100.57175,START,2019-11-05T13:09:33+07:00
552,13.840329999999998,100.57175,STOP,2019-11-05T13:09:36.129+07:00
553,13.840329999999998,100.57175,STOP,2019-11-05T13:09:36.529+07:00
554,13.840329999999998,100.57175,STOP,2019-11-05T13:09:58.805+07:00
555,13.840329999999998,100.57175,STOP,2019-11-05T13:10:55+07:00
556,13.840329999999998,100.57175,STOP,2019-11-05T13:10:58+07:00
557,13.84055,100.57184,STOP,2019-11-05T13:11:03+07:00
558,13.84055,100.57184,STOP,2019-11-05T13:11:04+07:00
559,13.84058,100.57187,STOP,2019-11-05T13:11:07+07:00
560,13.84058,100.57187,STOP,2019-11-05T13:44:36.334+07:00
561,13.84058,100.57187,STOP,2019-11-05T13:44:36.774+07:00
562,13.84058,100.57187,STOP,2019-11-05T13:44:57.882+07:00
563,13.840129999999998,100.57165,STOP,2019-11-05T13:45:16+07:00
564,13.840129999999998,100.57165,STOP,2019-11-05T13:45:33+07:00
565,13.840129999999998,100.57165,START,2019-11-05T14:22:05.224+07:00
566,13.8402,100.57185,START,2019-11-05T14:22:05.824+07:00
567,13.8399,100.57181,START,2019-11-05T14:22:27.775+07:00
568,13.83985,100.5718,START,2019-11-05T14:22:32+07:00
569,13.84003,100.57185,START,2019-11-05T14:22:40+07:00
570,13.84086,100.57188,START,2019-11-05T14:22:55+07:00
571,13.841120000000002,100.57203,START,2019-11-05T14:23:01+07:00
572,13.84132,100.57222,START,2019-11-05T14:23:08+07:00
573,13.84132,100.57222,START,2019-11-05T14:23:13+07:00
574,13.84152,100.57202,START,2019-11-05T14:23:22+07:00
575,13.84237,100.57054,START,2019-11-05T14:23:37+07:00
576,13.84353,100.56842,START,2019-11-05T14:23:52+07:00
577,13.84457,100.56671,START,2019-11-05T14:24:07+07:00
578,13.8454,100.56515,START,2019-11-05T14:24:22+07:00
579,13.84609,100.56395,START,2019-11-05T14:24:37+07:00
580,13.84693,100.56243,START,2019-11-05T14:24:52+07:00
581,13.84725,100.56161,START,2019-11-05T14:25:03+07:00
582,13.847220000000002,100.56161,START,2019-11-05T14:25:04+07:00
583,13.84591,100.56092,START,2019-11-05T14:25:19+07:00
584,13.84376,100.55964,START,2019-11-05T14:25:34+07:00
585,13.84157,100.55841,START,2019-11-05T14:25:49+07:00
586,13.83893,100.55754,START,2019-11-05T14:26:04+07:00
587,13.83601,100.55714,START,2019-11-05T14:26:19+07:00
588,13.83292,100.55713,START,2019-11-05T14:26:34+07:00
589,13.82961,100.55759,START,2019-11-05T14:26:49+07:00
590,13.82612,100.558,START,2019-11-05T14:27:04+07:00
591,13.82286,100.55844,START,2019-11-05T14:27:19+07:00
592,13.81962,100.55881,START,2019-11-05T14:27:34+07:00
593,13.81631,100.55911,START,2019-11-05T14:27:49+07:00
594,13.81338,100.55936,START,2019-11-05T14:28:04+07:00
595,13.81036,100.55972,START,2019-11-05T14:28:19+07:00
596,13.81036,100.55972,START,2019-11-05T14:28:21+07:00
597,13.80909,100.5598,START,2019-11-05T14:28:29+07:00
598,13.80722,100.56,START,2019-11-05T14:28:44+07:00
599,13.80464,100.56026,START,2019-11-05T14:28:59+07:00
600,13.80196,100.5605,START,2019-11-05T14:29:14+07:00
601,13.79899,100.56082,START,2019-11-05T14:29:29+07:00
602,13.79629,100.56116,START,2019-11-05T14:29:44+07:00
603,13.79364,100.56136,START,2019-11-05T14:29:59+07:00
604,13.79086,100.56168,START,2019-11-05T14:30:14+07:00
605,13.78827,100.56145,START,2019-11-05T14:30:29+07:00
606,13.78827,100.56145,START,2019-11-05T14:30:36+07:00
607,13.78255,100.55844,START,2019-11-05T14:31:01+07:00
608,13.779329999999998,100.55655,START,2019-11-05T14:31:16+07:00
609,13.77629,100.55522,START,2019-11-05T14:31:31+07:00
610,13.77355,100.55382,START,2019-11-05T14:31:46+07:00
611,13.77075,100.55222,START,2019-11-05T14:32:01+07:00
612,13.76809,100.55077,START,2019-11-05T14:32:16+07:00
613,13.76693,100.55025,START,2019-11-05T14:32:30+07:00
614,13.76693,100.55025,START,2019-11-05T14:32:38+07:00
615,13.76659,100.54995,START,2019-11-05T14:32:51+07:00
616,13.76496,100.54899,START,2019-11-05T14:33:06+07:00
617,13.76271,100.54784,START,2019-11-05T14:33:21+07:00
618,13.760270000000002,100.54616,START,2019-11-05T14:33:36+07:00
619,13.75898,100.54547,START,2019-11-05T14:33:44+07:00
620,13.75854,100.54566,START,2019-11-05T14:33:47+07:00
621,13.75679,100.54716,START,2019-11-05T14:34:01+07:00
622,13.75673,100.54768,START,2019-11-05T14:34:05+07:00
623,13.75698,100.54812,START,2019-11-05T14:34:09+07:00
624,13.75757,100.54833,START,2019-11-05T14:34:14+07:00
625,13.75826,100.54816,START,2019-11-05T14:34:19+07:00
626,13.75976,100.547,START,2019-11-05T14:34:34+07:00
627,13.76074,100.54617,START,2019-11-05T14:34:49+07:00
628,13.76181,100.54526,START,2019-11-05T14:35:04+07:00
629,13.76321,100.54382,START,2019-11-05T14:35:19+07:00
630,13.764170000000002,100.54188,START,2019-11-05T14:35:34+07:00
631,13.76571,100.53979,START,2019-11-05T14:35:49+07:00
632,13.76809,100.53813,START,2019-11-05T14:36:04+07:00
633,13.77139,100.53122,START,2019-11-05T14:36:43+07:00
634,13.77065,100.52966,START,2019-11-05T14:36:51+07:00
635,13.76808,100.52833,START,2019-11-05T14:37:05+07:00
636,13.76526,100.52724,START,2019-11-05T14:37:20+07:00
637,13.76264,100.52621,START,2019-11-05T14:37:35+07:00
638,13.75979,100.52511,START,2019-11-05T14:37:50+07:00
639,13.75688,100.52391,START,2019-11-05T14:38:05+07:00
640,13.75611,100.52315,START,2019-11-05T14:38:12+07:00
641,13.75622,100.52257,START,2019-11-05T14:38:16+07:00
642,13.75656,100.52191,START,2019-11-05T14:38:31+07:00
643,13.75672,100.52149,START,2019-11-05T14:38:46+07:00
644,13.7573,100.52045,START,2019-11-05T14:39:01+07:00
645,13.75855,100.51902,START,2019-11-05T14:39:16+07:00
646,13.76012,100.51719,START,2019-11-05T14:39:31+07:00
647,13.76125,100.51587,START,2019-11-05T14:39:46+07:00
648,13.76125,100.51587,START,2019-11-05T14:39:57+07:00
649,13.76184,100.51521,START,2019-11-05T14:40:42+07:00
650,13.76276,100.5141,START,2019-11-05T14:40:57+07:00
651,13.7636,100.51307,START,2019-11-05T14:41:12+07:00
652,13.764829999999998,100.51164,START,2019-11-05T14:41:27+07:00
653,13.76551,100.51085,START,2019-11-05T14:41:42+07:00
654,13.76582,100.51051,START,2019-11-05T14:41:57+07:00
655,13.76688,100.50933,START,2019-11-05T14:42:12+07:00
656,13.76786,100.50812,START,2019-11-05T14:42:27+07:00
657,13.768070000000002,100.50781,START,2019-11-05T14:42:36+07:00
658,13.76834,100.50753,START,2019-11-05T14:43:06+07:00
659,13.7695,100.50624,START,2019-11-05T14:43:21+07:00
660,13.7702,100.50543,START,2019-11-05T14:43:36+07:00
661,13.7705,100.50507,START,2019-11-05T14:43:51+07:00
662,13.7705,100.50507,START,2019-11-05T14:43:58+07:00
663,13.77072,100.50482,START,2019-11-05T14:44:13+07:00
664,13.7706,100.50467,START,2019-11-05T14:44:21+07:00
665,13.76984,100.50396,START,2019-11-05T14:44:36+07:00
666,13.76904,100.50319,START,2019-11-05T14:44:51+07:00
667,13.76812,100.50228,START,2019-11-05T14:45:06+07:00
668,13.76695,100.50112,START,2019-11-05T14:45:21+07:00
669,13.76555,100.50025,START,2019-11-05T14:45:36+07:00
670,13.76448,100.49961,START,2019-11-05T14:45:51+07:00
671,13.76324,100.49886,START,2019-11-05T14:46:06+07:00
672,13.76218,100.49818,START,2019-11-05T14:46:21+07:00
673,13.76219,100.49802,START,2019-11-05T14:46:24+07:00
674,13.762770000000002,100.49714,START,2019-11-05T14:46:39+07:00
675,13.763470000000002,100.49615,START,2019-11-05T14:46:54+07:00
676,13.76368,100.49572,START,2019-11-05T14:47:05+07:00
677,13.7636,100.4955,START,2019-11-05T14:47:10+07:00
678,13.76315,100.49497,START,2019-11-05T14:47:25+07:00
679,13.76229,100.49407,START,2019-11-05T14:47:40+07:00
680,13.7616,100.49312,START,2019-11-05T14:47:55+07:00
681,13.76063,100.49189,START,2019-11-05T14:48:10+07:00
682,13.75997,100.49118,START,2019-11-05T14:48:25+07:00
683,13.75935,100.49062,START,2019-11-05T14:48:40+07:00
684,13.7592,100.49054,START,2019-11-05T14:48:46+07:00
685,13.75903,100.4904,START,2019-11-05T14:48:52+07:00
686,13.75903,100.4904,START,2019-11-05T14:48:56+07:00
687,13.75875,100.49024,START,2019-11-05T14:49:01+07:00
688,13.75865,100.49021,START,2019-11-05T14:49:03+07:00
689,13.75865,100.49021,START,2019-11-05T14:49:16+07:00
690,13.75759,100.48989,START,2019-11-05T14:49:43+07:00
691,13.75759,100.48989,START,2019-11-05T14:49:44+07:00
692,13.75759,100.48989,START,2019-11-05T14:50:01+07:00
693,13.75759,100.48989,STOP,2019-11-05T14:50:03.773+07:00
694,13.75759,100.48989,STOP,2019-11-05T14:50:04.153+07:00
695,13.75759,100.48989,STOP,2019-11-05T14:50:25.344+07:00
696,13.75762,100.48973,STOP,2019-11-05T14:51:24+07:00
697,13.75776,100.48945,STOP,2019-11-05T14:52:04+07:00
698,13.75776,100.48945,STOP,2019-11-05T14:52:56+07:00
699,13.75776,100.48917,STOP,2019-11-05T14:55:02+07:00
700,13.75776,100.48917,STOP,2019-11-05T15:21:35.944+07:00
701,13.75776,100.48917,STOP,2019-11-05T15:21:36.324+07:00
702,13.75776,100.48917,STOP,2019-11-05T15:21:57.769+07:00
703,13.7575,100.49016,STOP,2019-11-05T15:22:23+07:00
704,13.75757,100.48975,STOP,2019-11-05T15:39:36.043+07:00
705,13.75757,100.48975,STOP,2019-11-05T15:39:36.483+07:00
706,13.75759,100.48983,STOP,2019-11-05T15:39:56+07:00
707,13.75759,100.48983,STOP,2019-11-05T15:39:57.737+07:00
708,13.75759,100.48983,STOP,2019-11-05T15:40:02+07:00
709,13.75755,100.48975,STOP,2019-11-05T15:40:14+07:00
710,13.75755,100.48975,STOP,2019-11-05T15:40:18+07:00
711,13.75745,100.48969,STOP,2019-11-05T15:40:25+07:00
712,13.75745,100.48969,STOP,2019-11-05T15:40:32+07:00
713,13.757320000000002,100.48968,STOP,2019-11-05T15:40:39+07:00
714,13.757320000000002,100.48968,STOP,2019-11-05T15:41:11+07:00
715,13.75698,100.4895,STOP,2019-11-05T15:41:39+07:00
716,13.75698,100.4895,STOP,2019-11-05T15:42:34+07:00
717,13.7565,100.48925,STOP,2019-11-05T15:42:41+07:00
718,13.7565,100.48925,STOP,2019-11-05T15:42:46+07:00
719,13.75642,100.4893,STOP,2019-11-05T15:42:53+07:00
720,13.75642,100.4893,STOP,2019-11-05T15:42:53+07:00
721,13.75642,100.4893,STOP,2019-11-05T15:42:57+07:00
722,13.756379999999998,100.48942,STOP,2019-11-05T15:43:01+07:00
723,13.756379999999998,100.48942,STOP,2019-11-05T15:43:02+07:00
724,13.756379999999998,100.48942,STOP,2019-11-05T15:43:08+07:00
725,13.756379999999998,100.4895,STOP,2019-11-05T15:43:15+07:00
726,13.756379999999998,100.4895,STOP,2019-11-05T15:43:29+07:00
727,13.75601,100.4892,STOP,2019-11-05T15:43:36+07:00
728,13.75601,100.4892,STOP,2019-11-05T15:43:42+07:00
729,13.756470000000002,100.4898,STOP,2019-11-05T15:44:19+07:00
730,13.75645,100.4898,STOP,2019-11-05T15:44:21+07:00
731,13.75645,100.4898,STOP,2019-11-05T15:44:22+07:00
732,13.75645,100.4898,STOP,2019-11-05T15:44:38+07:00
733,13.75645,100.4898,STOP,2019-11-05T15:45:08+07:00
734,13.75645,100.4898,STOP,2019-11-05T15:45:14+07:00
735,13.7569,100.49001,STOP,2019-11-05T15:45:22+07:00
736,13.7569,100.49001,STOP,2019-11-05T15:45:30+07:00
737,13.7569,100.49001,STOP,2019-11-05T15:45:35+07:00
738,13.7569,100.49001,STOP,2019-11-05T15:45:39+07:00
739,13.75703,100.49007,STOP,2019-11-05T15:45:46+07:00
740,13.75703,100.49007,STOP,2019-11-05T15:45:47+07:00
741,13.75703,100.49007,STOP,2019-11-05T15:46:05+07:00
742,13.75703,100.49007,STOP,2019-11-05T15:47:48+07:00
743,13.75703,100.49007,STOP,2019-11-05T15:47:54+07:00
744,13.75736,100.48996,STOP,2019-11-05T15:48:17+07:00
745,13.75736,100.48996,STOP,2019-11-05T15:48:21+07:00
746,13.75736,100.48996,STOP,2019-11-05T15:48:27+07:00
747,13.75736,100.48996,STOP,2019-11-05T15:48:43+07:00
748,13.75703,100.49007,STOP,2019-11-05T15:48:56+07:00
749,13.75703,100.49007,STOP,2019-11-05T15:49:11+07:00
750,13.757,100.49009,STOP,2019-11-05T15:49:18+07:00
751,13.757,100.49009,STOP,2019-11-05T15:49:35+07:00
752,13.75685,100.48971,STOP,2019-11-05T15:49:46+07:00
753,13.75672,100.48917,STOP,2019-11-05T15:50:09+07:00
754,13.75672,100.48917,STOP,2019-11-05T15:50:11+07:00
755,13.75669,100.48917,STOP,2019-11-05T15:50:18+07:00
756,13.75669,100.48917,STOP,2019-11-05T15:50:20+07:00
757,13.75669,100.48917,STOP,2019-11-05T15:50:33+07:00
758,13.75666,100.48908,STOP,2019-11-05T15:50:38+07:00
759,13.75666,100.48908,STOP,2019-11-05T15:56:10+07:00
760,13.75826,100.48925,STOP,2019-11-05T15:56:17+07:00
761,13.75826,100.48925,STOP,2019-11-05T15:58:22+07:00
762,13.758170000000002,100.48951,STOP,2019-11-05T15:58:42+07:00
763,13.75758,100.49014,STOP,2019-11-05T16:24:37.358+07:00
764,13.75758,100.49014,STOP,2019-11-05T16:24:38.195+07:00
765,13.75758,100.49014,STOP,2019-11-05T16:24:59.581+07:00
766,13.75704,100.49029,STOP,2019-11-05T16:25:57+07:00
767,13.75704,100.49029,STOP,2019-11-05T16:26:01+07:00
768,13.75705,100.4902,STOP,2019-11-05T16:26:08+07:00
769,13.75705,100.4902,STOP,2019-11-05T16:30:02+07:00
770,13.7573,100.4899,STOP,2019-11-05T16:30:19+07:00
771,13.7573,100.4899,STOP,2019-11-05T16:30:31+07:00
772,13.7573,100.4899,STOP,2019-11-05T16:30:36+07:00
773,13.7573,100.4899,STOP,2019-11-05T16:30:39+07:00
774,13.75749,100.48983,STOP,2019-11-05T16:32:48+07:00
775,13.75749,100.48983,STOP,2019-11-05T16:32:52+07:00
776,13.75743,100.48972,STOP,2019-11-05T16:33:02+07:00
777,13.75743,100.48972,STOP,2019-11-05T16:33:40+07:00
778,13.75731,100.48975,STOP,2019-11-05T16:33:54+07:00
779,13.75731,100.48975,STOP,2019-11-05T16:34:04+07:00
780,13.75735,100.48971,STOP,2019-11-05T16:34:34+07:00
781,13.75735,100.48971,STOP,2019-11-05T16:37:03+07:00
782,13.75735,100.48971,STOP,2019-11-05T16:37:07+07:00
783,13.75747,100.48985,STOP,2019-11-05T16:37:18+07:00
784,13.75747,100.48985,STOP,2019-11-05T17:21:06.682+07:00
785,13.75747,100.48985,STOP,2019-11-05T17:21:07.122+07:00
786,13.75747,100.48985,STOP,2019-11-05T17:21:29.007+07:00
787,13.75747,100.48985,STOP,2019-11-05T17:24:37.446+07:00
788,13.75747,100.48985,STOP,2019-11-05T17:24:37.865+07:00
789,13.75747,100.48985,STOP,2019-11-05T17:24:59.59+07:00
